publisher,book,chapterCode,topicE,topicC
Pearson,MIA2E,401,Quadratic Equations in One Unknown (I),一元二次方程 (一)
Pearson,MIA2E,402,Quadratic Equations in One Unknown (II),一元二次方程 (二)
Pearson,MIA2E,403,Functions and Graphs,函數及其圖像
Pearson,MIA2E,404,Equations of Straight Lines,直線的方程
Pearson,MIA2E,405,More about Polynomials,續多項式
Pearson,MIA2E,406,Exponential Functions,指數函數
Pearson,MIA2E,407,Logarithmic Functions,對數函數
Pearson,MIA2E,408,More about Equations,續方程
Pearson,MIA2E,409,Variations,變 分
Pearson,MIA2E,410,More about Trigonometry,續三角
Pearson,MIA2E,501,Basic Properties of Circles,圓的基本性質
Pearson,MIA2E,502,Tangents to Circles,圓的切線
Pearson,MIA2E,503,Inequalities,不等式
Pearson,MIA2E,504,Linear Programming,線性規畫
Pearson,MIA2E,505,Applications of Trigonometry in 2-D problems,三角學的應用：二維空間
Pearson,MIA2E,506,Applications of Trigonometry in 3-D problems,三角學的應用：三維空間
Pearson,MIA2E,507,Equations of Circles,圓的方程
Pearson,MIA2E,508,Locus,軌跡
Pearson,MIA2E,509,Measures of Dispersion,離差的量度
Pearson,MIA2E,510,Permutation and Combination,排列與組合
Pearson,MIA2E,511,More about Probability,續概率
Pearson,MIA2E,601,Arithmetic and Geometric Sequences,等差數列和等比數列
Pearson,MIA2E,602,Summation of Arithmetic and Geometric Sequences,等差數列和等比數列的求和法
Pearson,MIA2E,603,More about Graphs of Functions,續函數圖像
Pearson,MIA2E,604,Uses and Abuses of Statistics,統計的應用及誤用